{
  "hough": {
    "val": {
      "precision": 0.029862618974301824,
      "recall": 0.5785411512591159,
      "f1": 0.05678493768136408,
      "iou": 0.029234885455571836
    },
    "test": {
      "precision": 0.013353889374084955,
      "recall": 0.1874194519502702,
      "f1": 0.02491693106749105,
      "iou": 0.01278325979230839
    }
  },
  "color": {
    "val": {
      "precision": 0.023443579376199303,
      "recall": 0.2226962338462796,
      "f1": 0.04239722400001638,
      "iou": 0.021712968491856204
    },
    "test": {
      "precision": 0.008386199462918107,
      "recall": 0.05382900479084994,
      "f1": 0.014403007356768999,
      "iou": 0.007434700012425093
    }
  },
  "pixel_classifier": {
    "val": {
      "precision": 0.11700441061069929,
      "recall": 0.7321826925043671,
      "f1": 0.20169339468752626,
      "iou": 0.11226207569091348
    },
    "test": {
      "precision": 0.06008218091579744,
      "recall": 0.28223296550524296,
      "f1": 0.0989917655759656,
      "iou": 0.055168151080108106
    }
  }
}